-- phpMyAdmin SQL Dump
-- version 5.2.0
-- https://www.phpmyadmin.net/
--
-- Host: 127.0.0.1
-- Generation Time: Nov 06, 2022 at 04:50 PM
-- Server version: 10.4.24-MariaDB
-- PHP Version: 7.4.29

SET SQL_MODE = "NO_AUTO_VALUE_ON_ZERO";
START TRANSACTION;
SET time_zone = "+00:00";


/*!40101 SET @OLD_CHARACTER_SET_CLIENT=@@CHARACTER_SET_CLIENT */;
/*!40101 SET @OLD_CHARACTER_SET_RESULTS=@@CHARACTER_SET_RESULTS */;
/*!40101 SET @OLD_COLLATION_CONNECTION=@@COLLATION_CONNECTION */;
/*!40101 SET NAMES utf8mb4 */;

--
-- Database: `food_app`
--

-- --------------------------------------------------------

--
-- Table structure for table `food_imgs`
--

CREATE TABLE `food_imgs` (
  `foodImgId` int(4) NOT NULL,
  `foodImgUrl` varchar(200) NOT NULL,
  `restId` int(10) NOT NULL
) ENGINE=InnoDB DEFAULT CHARSET=utf8;

--
-- Dumping data for table `food_imgs`
--

INSERT INTO `food_imgs` (`foodImgId`, `foodImgUrl`, `restId`) VALUES
(1, 'https://img.wongnai.com/p/624x0/2020/12/28/cad1a97477a3446da39bf0b7aafa0926.jpg', 1),
(2, 'https://img.wongnai.com/p/400x0/2020/12/28/d55a2be6ee6d40a9b80a9d8f7fdfe8d1.jpg', 1),
(3, 'https://img.wongnai.com/p/400x0/2020/12/28/5cf6f1d0dcea4f98a6f972b1f91c5bc2.jpg', 1),
(4, 'https://img.wongnai.com/p/624x0/2016/01/12/f883fafa1a9d4478a6adcd45e41fda97.jpg', 2),
(5, 'https://img.wongnai.com/p/400x0/2016/10/13/5a79381345614e7aac1a0fd826bbcfe8.jpg', 2),
(6, 'https://img.wongnai.com/p/400x0/2016/09/25/e7071870622844878fd2dee4389aaa41.jpg', 2),
(7, 'https://img.wongnai.com/p/624x0/2016/09/25/fe85201cb6e344d8b4582e9f8fe9045d.jpg', 3),
(8, 'https://img.wongnai.com/p/400x0/2016/01/07/a11cfcda4f724bf7b0363ffb33eb9de7.jpg', 3),
(9, 'https://img.wongnai.com/p/400x0/2022/01/23/b054d43fdf4c492198c649c9e8bdef7d.jpg', 3),
(10, 'https://img.wongnai.com/p/400x0/2016/04/28/da08e8d65b834d509a11239c3e5a44e2.jpg', 4),
(11, 'https://img.wongnai.com/p/400x0/2016/06/11/fe1e3324ff844f1c8d9af30b1e4f4c35.jpg', 4),
(12, 'https://img.wongnai.com/p/624x0/2016/04/16/a75296d3a6104e13ae30ec1478e5e566.jpg', 4),
(13, 'https://img.wongnai.com/p/624x0/2016/07/09/9e250dc1b7bf46f49bbd416f8654eed5.jpg', 5),
(14, 'https://img.wongnai.com/p/400x0/2016/03/14/67196e74bbda4111adbb4570e439b0e6.jpg', 5),
(15, 'https://img.wongnai.com/p/400x0/2016/05/26/6f8b5f385e4d40e480e6d22594a2b064.jpg', 5),
(16, 'https://img.wongnai.com/p/400x0/2016/08/30/08cab83a6ab5463991d12c981d8451f5.jpg', 6),
(17, 'https://img.wongnai.com/p/400x0/2016/06/05/9207f54df4d24e75b74a0402bef0c137.jpg', 6),
(18, 'https://img.wongnai.com/p/624x0/2016/08/30/63515537c2f04bab8f09279efd101dfa.jpg', 6),
(19, 'https://img.wongnai.com/p/400x0/2014/11/30/748c8aff59444e5682272720c5585d16.jpg', 7),
(20, 'https://img.wongnai.com/p/400x0/2015/05/29/bb1359f8879f4a5aa00f278fcead8cd7.jpg', 7),
(21, 'https://img.wongnai.com/p/624x0/2015/05/08/4aa941cd674f46938e0ebb2a2b4aed3f.jpg', 7),
(22, 'https://img.wongnai.com/p/400x0/2016/10/24/ab641ea30e444846b52402d1180aba75.jpg', 9),
(23, 'https://img.wongnai.com/p/400x0/2016/10/24/84a5e1692b4f4d8f8416a5f27a3cbc5d.jpg', 9),
(24, 'https://img.wongnai.com/p/400x0/2016/10/24/8240eadccac34b75ad67a101de482ac6.jpg', 9),
(25, 'https://img.wongnai.com/p/400x0/2015/11/05/055ff3c234ad49a5ad47f867e6a185de.jpg', 10),
(26, 'https://img.wongnai.com/p/400x0/2015/10/30/bac0ca89391e47c9bd39f1b3dec83f66.jpg', 10),
(27, 'https://img.wongnai.com/p/400x0/2015/10/23/970cc544c51f463ca6aa2152fc498f20.jpg', 10),
(28, 'https://img.wongnai.com/p/624x0/2014/09/30/f23ae0cf30694af2b5fbb21068d1f3d4.jpg', 8),
(29, 'https://img.wongnai.com/p/400x0/2016/11/03/c8280d01eed54f00ab52f0359799aa88.jpg', 8),
(30, 'https://img.wongnai.com/p/400x0/2015/07/19/cbfffe675c174d7c9bc17584f1c50f1b.jpg', 8),
(31, 'https://img.wongnai.com/p/400x0/2016/05/18/85a06af89a7e4d9986e51642d2b935bd.jpg', 11),
(32, 'https://img.wongnai.com/p/400x0/2016/08/12/0e282611b5ac4627a1f7f6e3cbfdd33e.jpg', 11),
(33, 'https://img.wongnai.com/p/624x0/2016/01/05/72355e7ecb20488caf2e3044d3db53af.jpg', 11),
(34, 'https://img.wongnai.com/p/624x0/2015/11/09/5e39f83ee242430e98b51c57eac0d265.jpg', 12),
(35, 'https://img.wongnai.com/p/400x0/2015/11/09/8d3c176c31274c63afd4547a2a6e64a4.jpg', 12),
(36, 'https://img.wongnai.com/p/400x0/2015/07/31/d700f24ed8804fbf9b63179a00748c44.jpg', 12),
(37, 'https://img.wongnai.com/p/624x0/2015/05/06/9952445743144082b59bd89204b7a5de.jpg', 13),
(38, 'https://img.wongnai.com/p/400x0/2015/07/24/b42357bdc4904d5ea6e7e5e298ed2c3e.jpg', 13),
(39, 'https://img.wongnai.com/p/400x0/2016/10/31/cd67ebced61d47a19b04427dd62f5ca4.jpg', 13),
(40, 'https://img.wongnai.com/p/400x0/2016/11/10/4515d636feb84d939a58499e8314b5c4.jpg', 14),
(41, 'https://img.wongnai.com/p/400x0/2015/09/12/2d1528a168684544ad676e259070f101.jpg', 14),
(42, 'https://img.wongnai.com/p/624x0/2016/08/02/b6b70c584d3c4a0c90c7c1b1bac2b238.jpg', 14),
(43, 'https://img.wongnai.com/p/400x0/2016/05/30/be8433d4440d4e42a091f7ff63b8253b.jpg', 15),
(44, 'https://img.wongnai.com/p/624x0/2015/11/10/2071026c55084b1dad932a2fd2fe0e5a.jpg', 15),
(45, 'https://img.wongnai.com/p/400x0/2016/03/21/75d2cf20d8094ab28dc2ad232cb953bc.jpg', 15),
(46, 'https://img.wongnai.com/p/624x0/2014/07/28/849af670162c4670aee98c7cdccd703a.jpg', 16),
(47, 'https://img.wongnai.com/p/400x0/2016/11/03/0e67f4a099a9490a85da394272291727.jpg', 16),
(48, 'https://img.wongnai.com/p/400x0/2016/05/07/d4b68bb5493b4715aee9b2b2eb683baf.jpg', 16),
(49, 'https://img.wongnai.com/p/400x0/2016/10/21/e5934f9f757e46669c736e8e00e05b44.jpg', 17),
(50, 'https://img.wongnai.com/p/624x0/2016/11/14/59f099eee4b84e9ba78bacf40e95d3b9.jpg', 17),
(51, 'https://img.wongnai.com/p/400x0/2016/11/14/e7e9a71f15784cfe936117338b675fca.jpg', 17),
(52, 'https://img.wongnai.com/p/400x0/2016/05/08/4d4954c4aa5647a395b7b4d6b003da91.jpg', 18),
(53, 'https://img.wongnai.com/p/400x0/2016/05/08/0c28221a89c2438394e1ad166251e325.jpg', 18),
(54, 'https://img.wongnai.com/p/400x0/2016/03/13/56dc69db0316433d899190202003e0ec.jpg', 18),
(55, 'https://img.wongnai.com/p/400x0/2014/10/04/bd46ac31b6bd4561bcd9f1baea0908dc.jpg', 19),
(56, 'https://img.wongnai.com/p/400x0/2014/10/04/13af3801ebf74b0e95cb84779c1052f7.jpg', 19),
(57, 'https://img.wongnai.com/p/400x0/2014/07/13/003a650cb7bf4603bf41b2b5d233ecac.jpg', 19),
(58, 'https://img.wongnai.com/p/400x0/2016/09/01/82cfe4d4361649788e3161a431210011.jpg', 20),
(59, 'https://img.wongnai.com/p/400x0/2016/09/01/ebca5da399bf41c39e51de00f8f2e3ff.jpg', 20),
(60, 'https://img.wongnai.com/p/400x0/2016/09/01/db97f3687b2e41cfad303aee2b34f23a.jpg', 20);

-- --------------------------------------------------------

--
-- Table structure for table `restaurants`
--

CREATE TABLE `restaurants` (
  `restId` int(10) NOT NULL,
  `restName` varchar(50) NOT NULL,
  `restRating` varchar(3) NOT NULL,
  `restDesc` varchar(1000) NOT NULL,
  `restTel` varchar(10) NOT NULL,
  `sectorId` int(2) NOT NULL
) ENGINE=InnoDB DEFAULT CHARSET=utf8;

--
-- Dumping data for table `restaurants`
--

INSERT INTO `restaurants` (`restId`, `restName`, `restRating`, `restDesc`, `restTel`, `sectorId`) VALUES
(1, 'Bacon Bar', '4.5', 'มองหาร้านนั่งชิลในเมืองน่าน ร้าน “Bacon Bar” ถือว่าเป็นตัวเลือกที่ดีภายนอกดูเรียบ ๆ แต่เข้าไปแล้วจะต้องร้องว้าว บรรยากาศร้าน แสงสี ชวนให้ดื่มเพลินได้ไม่ยากเลย ไฮไลต์ของร้านนี้คือเมนู “สเต๊กเนื้อ” เสิร์ฟแต่เนื้อระดับพรีเมียม มีให้เลือกทั้งส่วน Ribeye, Chunk, Picanha มีกลิ่นหอมของเครื่องเทศกินคู่กับเครื่องดื่มที่ทางร้านแนะนำแล้วเข้ากันมาก ใครสายดื่มต้องมา เพราะมีเครื่องดื่มให้เลือกเยอะมากเลยจ้า', '0856149245', 1),
(2, 'เฮือนใจ๋ยอง', '4.2', '“เป็นร้านอาหารเมืองที่คุณจะได้เสพย์งานศิลป์ ซื้อสินค้าของฝากพื้นเมือง และยังได้ทานอาหารเมืองเหนืออร่อย ๆ ในบรรยากาศร้านที่จัดได้ว่าสุดยอด สวยงาม ร่มรื่น จึงเป็นร้านที่อยู่ในใจใครหลาย ๆ ท่าน และเหมาะกับการต้อนรับแขกบ้านแขกเมืองได้เป็นอย่างดี “ลาบหมูคั่ว” ทางร้านค่อนข้างทำได้อร่อยลงตัว ใส่กากหมูมาด้วย จานนี้ชอบครับ” (โดยคุณ Slump up)', '0866718710', 1),
(3, 'ข้าวซอยแม่มณี', '4.0', '“เป็นร้านข้าวซอยเล็ก ๆ ไม่ได้สะอาดมาก แต่คนเยอะ เป็นข้าวซอยเจ้าเก่า ดั้งเดิม คนรู้จักเยอะ อร่อยใช้ได้ ได้เยอะ เส้นกรอบได้เยอะ กรอบอร่อย เนื้อก็นุ่ม น้ำข้าวซอยที่นี่เข้มข้น ที่สำคัญคือผักกาดดองที่นี่น่ากิน อร่อย สด ใหม่มาก ใส่ได้ไม่อั้น” (โดยคุณ ซันนี่ ละอองกอ)', '0819612235', 1),
(4, 'เฉาก๊วยมุกดา', '4.1', '“เฉาก๊วยที่นี่ ชั่งตวงวัดได้สัดส่วนเป๊ะทุกแก้ว รสออกหวาน ทานแล้วหนึบมาก ร้านทำได้หนึบเช่นนี้หายากอยู่ ส่วนนม และ น้ำเชื่อมที่คิดว่าน่าจะเป็นน้ำอ้อย จำนวนมากที่ใส่เข้าไปจนเข้มข้น หอม และ หวานมันจริง ๆ แม้จะแพงกว่าร้านข้างถนนไปมากโข แต่ความเยอะของที่นี่กินขาดร้านอื่นไปเลยหละค่ะ” (โดยคุณ Supajee ~donlycherry~)', '0829239662', 1),
(5, 'ครัววันดี ลำพูน', '4.0', '“ร้านนี้เป็นร้านอาหารพื้นเมืองขนานแท้ ๆ อาหารจะมาแบบเยอะ รสชาติโบราณ ๆ แนะนำน้ำพริกเห็ดล่มอร่อยมากก ปลานั่งซีอิ๊วลำไยแฟนบอกอร่อย ราคาไม่แพง อาหารได้ไว บริการดี มีที่จอดรถค่ะ ต้องลองให้ได้” (โดยคุณ GogumaCNX)', '0818836215', 1),
(6, 'เกษร คลองโคน', '3.9', '“ปูไข่นึ่งแน๊นแน่น อาหารพื้นบ้านรสชาติไม่ธรรมดา ร้านอาหารชื่อดังม๊ากกกก ของคลองโคน ไปทีคนต่อแถวยาวมากๆๆ แต่พอได้ชิม คุ้มค่ากับการรอคอย ปูไข่นึ่งเน้นๆ ยำใบชะคราม ต้มยำ อาหารพื้นบ้านราคายอมเยาว์ แต่ที่ชอบสุดต้องเป็นไข่เจียวปู ไปทีไรต้องสั่งของเขาดีจริง”(โดยคุณ patty)', '0870360556', 3),
(7, 'อิ่มอุ่นละมุนละไม', '3.8', '\"ร้านอิ่มอุ่นละมุนละไม\" ร้านอาหารขึ้นชื่อประจำจังหวัด ราคาปานกลาง ไม่แพงเกินไป อาหารจานปริมาณพอเหมาะกำลังดี เหมาะกับการรวมตัวสังสรรค์ ร้านตกแต่งแบบย้อนยุค บรรยากาศดี มีเพลงฟัง ร้านอยู่แถวๆวงเวียนสระแก้ว ร้านสวยๆ อยู่ในซอย คนเยอะ สามารถโทรมาสั่งอาหารไว้ก่อน แม้กระทั่งของหวานก็สั่งได้ เมนูทีเด็ดคือ “ผัดไท” (โดยคุณ Nurse​photographer, Mani)', '0927894689', 3),
(8, 'ครัวคุณตุ่ม', '4.1', '“ถ้ามามหาชัยขอให้แวะมาร้านดังร้านนี้ค่ะ ภายในเป็นห้องแอร์มีโต๊ะเยอะมาก เมนูที่สั่งเป็น ข้าวผัดปู รสชาติโอเคค่ะ ให้เยอะ ต้มยำทะเลน้ำใส แซ่บมากก ถึงสีจะดูจืด อร่อยมาก กุ้งผัดพริกขี้หนู กุ้งสดและเด้งมาก ปลากระพงทอดน้ำปลา ปลากรอบน้ำจิ้มอร่อย โดยรวมแล้วทุกอย่างดีงามมากค่ะ อาหารมาไวมากกก แม้คนจะเยอะมากช่วงเที่ยง เมื่อทานเสร็จจะมีลอดช่องวัดเจษฎ์ ให้คนละถ้วย (โดยคุณศรีรีวิว)', '0939464954', 3),
(9, 'Anya\'s Place ศาลายา', '4.1', '“บรรยากาศด้านนอกดูร่มรื่นไปด้วยต้นไม้และดอกไม้ เหมือนยังแกลอรี่มาตั้งไว้ในร้านก็ว่าได้ค่ะ โดยรวมจึงดูค่อนข้างอบอุ่นให้ความรู้สึกเหมือนทานข้าวอยู่ที่บ้าน ส่วนเมนูอาหารของที่นี่จะมีให้เลือกค่อนข้างหลากหลายทั้งอาหารไทย และอาหารนานาชาติ แถมตบท้ายด้วยของหวานที่น่าทานๆทั้งนั้นค่ะ..พนักงานที่นี่บริการด้วยสีหน้ายิ้มแย้มดีค่ะ ถึงแม่คนจะเยอะแต่ก็บริการได้อย่างรวดเร็ว อย่างอาหารที่สั่งไปก็รอไม่นานค่ะ”(โดยคุณ Jeab ja)', '0819395567', 3),
(10, 'PATA PLANTATION', '4.3', '“ร้านนี้ไปมา 2 ครั้งครั้งแรกประทับใจมากเพราะอาหารฝรั่งอร่อยมากโดยเฉพาะพิซซ่ารอบที่ 2 เลยเลยขับมาใหม่ ร้านอยู่ไกล แต่มาไม่ยากขับตาม Google มาเลย บรรยากาศภายในร้านสบายสบายอาหารมีให้เลือกหลากหลายจะเน้นอาหารฝรั่งมากกว่า ราคาค่อนข้างเป็นมิตรสำหรับคุณภาพที่ได้ จานที่แนะนำก็จะมีพิซซ่า และสเต๊ก ส่วนกาแฟพอใช้ได้ ถ้าสั่งคาปูชิโน่ ทำออกมาเป็นลาเต้อาร์ทด้วย บริการดี” (โดยคุณ ChubbyMay)', '0812579600', 3),
(11, 'ครัวคุณนิด อุดรธานี', '3.8', '\"นักชิมที่โปรดปรานอาหารอีสานเป็นชีวิตจิตใจ ถ้าผ่านมาที่จังหวัดอุดรธานีต้องไม่พลาดร้านนี้ครับ เมนูที่ต้องลองชิมก็ต้องเป็นส้มตำ ไม่ว่าจะเป็นตำโคราช ตำไทยรสชาติมาตรฐานครับ ได้ซี๊ดซ๊าดสมใจ ซดน้ำต้มส้มปลากด เมนูแนะนำ ขอบอกว่าสะใจจริงๆ แก้เผ็ดด้วยผักหวานผัดน้ำมันหอย แกงคั่วหอยขม เนื้อแดดเดียวที่ต้องสั่งเพิ่มอีกหลายจาน แกงลาวเห็ดโคน รสชาติดีรับประกันได้ครับ\" (โดยคุณ Lertchai Chaiyo)', '0994422962', 4),
(12, 'คิงส์โอชา', '3.9', '\"คิงส์โอชานับว่าอีกร้านที่เมื่อมาอุดรแล้วไม่ควรพลาด ตอนนี้เวลา 10 โมง แต่คนยังนั่งแน่นร้านและรอต่อคิวหน้าร้านอย่างเนืองแน่น ไข่กระทะ ขนมปังยัดไส้และหมูยอทอดคงจะเป็นอาหารที่อยากแนะนำให้ลอง ไข่กระทะที่นี่กินแล้วรู้เลยว่าไข่ที่นี่สดจริง แถมโรยเครื่องเหมือนกุยช่ายไส้หน่อไม้ ที่ใส่หมูสับเยอะๆ หมูยอกับกุนเชียงก็รสดีมาก อย่างไรใครแวะมาอุดรอย่าลืมมาชิมนะครับ\" (โดยคุณ Pisithpon Rungroekrit)', '0956595394', 4),
(13, 'เตาถ่านโคขุนโพนยางคำ ธาตุนาเวง', '4.1', '\"มีโอกาสได้มาเยือนสกลนคร อย่าพลาดที่จะลิ้มลอง เนื้อโพนยางคำ ที่เป็น signature ของจังหวัดนี้เลยทีเดียว เนื้อย่างบนเตาถ่าน เป็นเอกลักษณ์มากๆ เนื้อนุ่มลิ้น ละลายในปาก แบบไม่เคยกินที่ไหนแล้วดีแบบนี้มาก่อน มีผักให้อีก หลายตะกร้า ทาน 3-4 คน อิ่มเอาเรื่องอยู่ เนื้อใบพาย สั่งแยกมา จานละ 150 ถูกมาก ราคาเบาๆ แถมบริการดี มีโอกาสมาสกลนครอีก จัดอีกแน่ๆ\" (โดยคุณ Ton Aor)', '042171447', 4),
(14, 'โจ๊ก ก๋วยจั๊บ ต้มเส้น บัตรคิว ในเมือง', '4.0', '\"ร้านเป็นร้านรถเข็นริมถนน เมนูของทางร้านมีทั้ง โจ๊ก ก๋วยจั๊บและเส้น ทุกอย่างนำมารวมในถ้วยเดียวกัน แต่สามารถสั่งได้จ้า เสิร์ฟมาล้นมาก หน้าตาน่าทาน พอได้ลองชิม รสชาติดี คล้ายๆ ทานก๋วยเตี๋ยวพะโล้ อีกจานสั่งกระดูกอ่อนแยกเพิ่ม เสิร์ฟมาถ้วยอลังการ กระดูกเปื่อยมาก รสชาติกลมกล่อม บริการรวดเร็ว รอไม่นาน เน้นบริการตนเอง มาขอนแก่นลองมาทานร้านนี้ดูนะคะ\" (โดยคุณ R\'mouy Chanoknan)', '0866465056', 4),
(15, 'ไก่ย่างปรีชา ปลาเผา', '3.8', '\"ร้านนี้ตั้งอยู่ภายใน ม.ขอนแก่น บรรยากาศร้านนี้เป็นแนวบ้านๆ มีทั้งโซนห้องแอร์และด้านนอก จุดเด่นของร้านนี้คือไก่ย่างเลยครับ ไก่รสชาติดี มันฟินมากครับ เนื้อไม่แห้งและไม่แฉะกำลังดี ส้มตำก็ใช้ได้ แซ่บนัวได้ใจดี แกงอ่อมนี่ใส่ผักพื้นบ้านมาเยอะดี การบริการดีครับ ราคาไม่แพงมาก อิ่มกันไปแบบสบายๆ เลยครับ\" (โดยคุณ MoonZz)\r\n\r\n', '0894209641', 4),
(16, 'ภูเก็ต - ระย้า', '4.2', '“ระย้า” ร้านดังในจังหวัดภูเก็ต มีที่จอดรถกว้างขวางอยูด้านหลัง ร้านออกแนวโบราณนิดๆ เมนูเด็ดห้ามพลาด แกงปูใบชะพลู เสิร์ฟมาเป็นชุด ทานพร้อมกับเส้นหมี่ เนื้อปูชิ้นใหญ่ๆ รสชาติดี กลมกล่อมมากๆ และอีกเมนูเด็ด หมูสามชั้นทอดเกลือ อร่อยโดยไม่ต้องจิ้ม มันเข้าเนื้อมากๆ ทานกับข้าวสวยนุ่มๆ ฟินมากค่ะ ถ้ามาต้องสั่งเมนูนี้เลยนะคะ แนะนำเลย โดยคุณ LunnyToon', '076218155', 2),
(17, 'โกเบนซ์ ข้าวต้มแห้ง', '4.3', '“ข้าวต้มแห้ง โกเบ๊นซ์ อีกหนึ่งร้านดังของภูเก็ต ที่มีคนเข้าคิวรอทานเยอะมากๆ ที่ร้านนี้มีข้าวต้มแห้ง เกาเหลาเลือดหมู ข้าวต้มกระดูกหมู และก๋วยจั้บ แต่มาร้านนี้ทั้งทีก็ต้องสั่งข้าวต้มแห้ง เหมือนข้าวต้มไม่ใส่น้ำซุปธรรมดา แต่พอทานแล้วมันก็อร่อยเลยครับ ตัวกระเทียมเจียวช่วยชูรส หอม อร่อยขึ้นมาก ทานข้าวคำแล้วซดซุปตาม เข้ากันแบบไม่น่าเชื่อเลยครับ” โดยคุณ Deaw\' Danai Sup\'', '0840607799', 2),
(18, 'สะเต๊ะเมืองพังงา', '4.1', '“ใครมาใครไปพังงาก็ต้องแวะกิน สะเต๊ะร้านนี้ สะเต๊ะที่นี่ไม่ได้มีแค่เนื้อหมูนะคะ มีกุ้งสะเต๊ะด้วย แปลกดีค่ะ เพราะแบบนี้ร้านเค้าเลยดัง มีสะเต๊ะหลากหลายที่เป็นจุดขายชั้นเยี่ยม รสชาติอร่อย ราคาไม่แพง ร้านอาจจะมีที่นั่งน้อย ถ้าไปวันที่คนเยอะๆ ก็คงต้องรอคิวกันเลย” โดยคุณ Makaymook', '0866915966', 2),
(19, 'ท่านุ่นซีฟู๊ด', '4.0', '“แวะชมพระอาทิตย์ลาลับขอบฟ้า ณ สุดถิ่นพังงา บรรยากาศดี มีอาหารอร่อยที่ร้าน “อาหารท่านุ่นซีฟู้ด” เมนูปลาหมึกแดดเดียว ตัวโตเต็มจาน กรอบนุ่มใน เสิร์ฟพร้อมถั่วลิสงทอดกรอบ กินกับน้ำยำมะม่วงรสชาติจัดจ้าน หอยนางรม ตัวโตๆ มาพร้อมเครื่องเคียงสารพัดอย่าง มีน้ำจิ้มซีฟู้ดและน้ำพริกเผารสเด็ด รสชาติถูกปากมากๆ สรุปคือ อิ่ม อร่อย ถูกปาก ถูกใจกับบรรยากาศงามๆ”', '076452052', 2),
(20, 'โกอ้วน หาดใหญ่', '4.1', '“ร้านโกอ้วนเป็นร้านซาลาเปาทอดเจ้าดังของหาดใหญ่ค่ะ วันนี้ขอมาลองซาลาเปายักษ์ เรียกว่าลูกเดียวอิ่ม สร้างความแปลกใหม่ด้วยนะคะ เนื้อแน่นดี แป้งนุ่มใช้ได้ค่ะ หมูสับเห็ดหอมไข่รสชาติเข้มข้นดีค่ะ รวมๆ แล้วเหมาะซื้อไปฝากดูน่ากินดีนะคะ ขนาดลูกน่าจะราวๆ โลนึงได้ ใครสนใจลองไปแวะสั่งเปายักษ์มาทานกันดูค่ะ” โดยคุณ Maysaya Bass', '0849665544', 2);

-- --------------------------------------------------------

--
-- Table structure for table `sectors`
--

CREATE TABLE `sectors` (
  `sectorId` int(2) NOT NULL,
  `sectorName` varchar(20) NOT NULL
) ENGINE=InnoDB DEFAULT CHARSET=utf8;

--
-- Dumping data for table `sectors`
--

INSERT INTO `sectors` (`sectorId`, `sectorName`) VALUES
(1, 'เหนือ'),
(2, 'ใต้'),
(3, 'กลาง'),
(4, 'อีสาน');

--
-- Indexes for dumped tables
--

--
-- Indexes for table `food_imgs`
--
ALTER TABLE `food_imgs`
  ADD PRIMARY KEY (`foodImgId`),
  ADD KEY `restIdFromFoodImgsToRestaurants` (`restId`);

--
-- Indexes for table `restaurants`
--
ALTER TABLE `restaurants`
  ADD PRIMARY KEY (`restId`),
  ADD KEY `sectorIdFromRestaurantsToSectors` (`sectorId`);

--
-- Indexes for table `sectors`
--
ALTER TABLE `sectors`
  ADD PRIMARY KEY (`sectorId`);

--
-- Constraints for dumped tables
--

--
-- Constraints for table `food_imgs`
--
ALTER TABLE `food_imgs`
  ADD CONSTRAINT `restIdFromFoodImgsToRestaurants` FOREIGN KEY (`restId`) REFERENCES `restaurants` (`restId`);

--
-- Constraints for table `restaurants`
--
ALTER TABLE `restaurants`
  ADD CONSTRAINT `sectorIdFromRestaurantsToSectors` FOREIGN KEY (`sectorId`) REFERENCES `sectors` (`sectorId`);
COMMIT;

/*!40101 SET CHARACTER_SET_CLIENT=@OLD_CHARACTER_SET_CLIENT */;
/*!40101 SET CHARACTER_SET_RESULTS=@OLD_CHARACTER_SET_RESULTS */;
/*!40101 SET COLLATION_CONNECTION=@OLD_COLLATION_CONNECTION */;
